hostel_name,city,price_from,distance__km_from_city_centre,summary_score,rating_band,atmosphere,cleanliness,facilities,location_score,security,staff,valueformoney,lon,lat
"""Bike&Bed""CharincoHostel",Osaka,3300,2.9,9.2,Superb,8.9,9.4,9.3,8.9,9.0,9.4,9.4,135.5137671,34.682678
&AndHostel,Fukuoka-City,2600,0.7,9.5,Superb,9.4,9.7,9.5,9.7,9.2,9.7,9.5,133.9283013,34.47060534
&AndHostelAkihabara,Tokyo,3600,7.8,8.7,Fabulous,8.0,7.0,9.0,8.0,10.0,10.0,9.0,139.7774724,35.6974473
&AndHostelUeno,Tokyo,2600,8.7,7.4,VeryGood,8.0,7.5,7.5,7.5,7.0,8.0,6.5,139.783667,35.712716
&AndHostel-AsakusaNorth-,Tokyo,1500,10.5,9.4,Superb,9.5,9.5,9.0,9.0,9.5,10.0,9.5,139.7983712,35.7278979
1Night1980HostelTokyo,Tokyo,2100,9.4,7.0,VeryGood,5.5,8.0,6.0,6.0,8.5,8.5,6.5,139.7869499,35.724384
328Hostel&Lounge,Tokyo,3300,16.5,9.3,Superb,8.7,9.7,9.3,9.1,9.3,9.7,8.9,139.7454672,35.5480439
36Hostel,Hiroshima,2000,1.6,9.5,Superb,8.8,9.9,9.2,9.6,9.8,9.8,9.5,135.88945357999998,35.02014538
AceInnShinjuku,Tokyo,2200,3.0,7.7,VeryGood,6.7,7.2,6.8,8.5,7.8,8.5,8.1,139.7243036,35.6925119
AirOsakaHostel,Osaka,1600,9.7,9.2,Superb,9.5,9.1,8.7,8.8,8.9,9.8,9.5,135.4769556,34.6222596
AizuyaInn,Tokyo,2000,10.6,8.5,Fabulous,8.1,8.3,8.4,7.8,8.9,9.1,8.9,139.800993,35.727547
AkihabaraHotel3000,Tokyo,2200,8.0,10.0,Superb,10.0,10.0,10.0,10.0,10.0,10.0,10.0,139.779382,35.6974904
AlmondHostel&CafeShibuya,Tokyo,2900,2.2,9.3,Superb,9.1,9.5,8.8,9.5,9.4,9.7,9.0,139.6875352,35.6700092
AnneHostelAsakusabashi,Tokyo,2000,8.9,9.1,Superb,8.8,9.2,8.7,9.0,9.1,9.5,9.2,139.7893595,35.6989448
AnneHostelYokozuna,Tokyo,1800,9.5,9.1,Superb,8.8,9.1,9.0,9.2,9.3,9.3,9.2,139.7967977,35.6954897
ArkHostel,Osaka,2700,1.9,9.0,Superb,8.7,9.2,8.9,8.8,9.1,9.2,9.0,103.8731349,1.3108203
Artnshelter,Tokyo,2400,10.5,8.3,Fabulous,8.2,8.1,7.7,7.9,9.1,9.0,8.3,139.742108,35.604242
AsHouse(AsakusaSmile),Tokyo,1600,10.0,7.8,VeryGood,7.9,6.2,7.0,9.0,8.2,8.0,8.3,139.800616,35.707363
AsakusaHostelToukaisou,Tokyo,1300,9.3,8.9,Fabulous,7.9,9.4,8.3,9.5,9.2,8.9,9.2,139.79081,35.713177
AsakusaRyokanToukaisou,Tokyo,3600,9.3,8.7,Fabulous,8.0,8.4,8.4,8.8,8.8,9.4,8.8,139.79081,35.713177
AsakusahotelWasou,Tokyo,2000,9.9,9.4,Superb,8.7,9.3,9.0,9.7,10.0,10.0,9.3,139.7966971,35.7118769
AstroStation,Tokyo,3500,3.8,8.4,Fabulous,7.1,9.1,8.0,9.7,7.1,8.6,8.9,139.7036929,35.7143962
B&SEcoCubeShinsaibashi,Osaka,2600,4.0,8.6,Fabulous,7.5,9.0,8.0,8.5,10.0,8.0,9.0,135.4991771,34.6707458
BackpackersHostelK'SHouseHiroshima,Hiroshima,2600,1.9,9.4,Superb,9.0,9.5,9.2,9.4,9.5,9.7,9.3,132.473831,34.392506
BackpackersHostelK'SHouseKyoto,Kyoto,1800,2.4,9.2,Superb,9.0,9.3,9.2,9.1,9.5,9.4,9.1,135.764916,34.989791
BackpackersHostelK'SHouseTokyo,Tokyo,2100,9.2,9.2,Superb,9.1,9.3,9.0,8.6,9.5,9.6,9.0,139.792253,35.705066
BackpackersHotelToyoOsaka,Osaka,1500,6.5,8.8,Fabulous,8.1,8.2,8.5,8.9,9.3,9.3,9.3,135.5041024,34.6483651
BackstageOsakaHostel&Bar,Osaka,2200,4.5,8.8,Fabulous,8.8,8.2,8.1,9.5,8.6,9.3,9.2,135.513299,34.6670083
BeagleTokyoHostel&Apartments,Tokyo,3800,16.1,9.0,Superb,8.0,10.0,9.0,8.0,9.0,9.0,10.0,139.7410778,35.5504924
BedStock,Fukuoka-City,2500,1.1,8.9,Fabulous,8.6,9.9,8.1,9.4,8.9,9.0,8.6,133.98116048000003,34.5387286
BeehiveHostelOsaka,Osaka,2900,3.4,9.1,Superb,8.8,9.2,8.7,8.8,9.5,9.7,9.2,135.508387,34.676892
BigtreeGuesthouse,Osaka,2900,36.6,9.6,Superb,9.3,9.8,9.3,9.1,10.0,10.0,9.3,135.3233376,34.4119443
BirdHostel,Kyoto,2700,1.1,9.3,Superb,8.9,9.5,9.5,9.4,9.2,9.5,9.4,135.7587254,35.0175416
Bnb+NinjaDojoUeno,Tokyo,2500,8.0,5.2,,4.0,3.3,4.0,8.7,5.3,4.7,6.7,138.0728517,35.29190192
Bnb+ShinjukuCastle,Tokyo,2500,1.3,5.0,,2.7,4.0,3.3,7.3,5.3,5.3,6.7,135.39270549999998,34.72730142
BonfireHostelOsaka,Osaka,1800,9.5,9.2,Superb,7.6,9.6,10.0,8.0,9.6,10.0,9.6,135.506891,34.621308
BonsaiGuestHouse,Osaka,1800,5.9,8.7,Fabulous,7.5,9.1,8.4,9.5,8.9,8.9,8.8,137.33140551999998,35.22670802
BookAndBedTokyo-Kyoto,Kyoto,3800,0.9,9.1,Superb,9.0,10.0,8.5,9.5,8.5,10.0,8.0,135.7727965,35.0041178
BookAndBedTokyoAsakusa,Tokyo,4100,9.6,9.1,Superb,8.7,9.7,8.6,9.4,9.5,9.3,8.6,139.7949806,35.7107965
BookAndBedTokyoFukuoka,Fukuoka-City,4300,0.3,8.6,Fabulous,8.0,10.0,6.0,10.0,8.0,10.0,8.0,130.3979662,33.5909933
BookAndBedTokyoIkebukuro,Tokyo,4100,4.9,8.2,Fabulous,8.9,8.0,8.0,9.1,7.7,8.6,7.4,139.7085388,35.7310808
BunkaHostelTokyo,Tokyo,2200,9.5,9.3,Superb,8.8,9.3,9.3,9.5,9.4,9.8,9.2,139.79322,35.712108
CapsuleHotelAsahiPlazaShinsaibashi,Osaka,3000,4.0,9.9,Superb,10.0,10.0,10.0,10.0,10.0,10.0,9.0,135.497847,34.6707858
CapsuleInnKinshichou,Tokyo,2600,10.9,8.6,Fabulous,6.0,10.0,8.0,8.0,10.0,8.0,10.0,139.81198,35.6981223
CapsuleResortKyotoSquare,Kyoto,3100,1.3,9.6,Superb,9.1,10.0,9.6,10.0,9.8,9.8,9.1,135.7535562,35.0112333
CapsuleValueKanda,Tokyo,3000,7.1,8.6,Fabulous,8.0,8.7,7.3,9.3,8.7,9.3,8.7,139.7707637,35.6895954
CasaMacondo,Osaka,3000,5.0,6.9,Good,6.5,6.5,7.5,7.0,7.0,6.5,7.0,137.83904738,35.4971083
CenturionCabin&SpaKyoto,Kyoto,2500,1.1,8.9,Fabulous,7.9,9.6,9.1,9.6,8.9,8.5,8.6,135.761618,35.003533
CenturionHotelResidentialAkasaka,Tokyo,2600,4.5,9.0,Superb,7.5,9.3,9.3,9.3,9.5,8.9,9.0,139.7376971,35.6738463
CenturionLadiesHostelUenopark(FemaleOnly),Tokyo,2500,7.4,8.9,Fabulous,7.7,8.9,9.1,9.1,9.3,8.9,9.3,139.770129,35.709199
Chaganjutei,Kyoto,3300,14.1,9.6,Superb,10.0,10.0,9.0,9.0,9.0,10.0,10.0,135.8007905,34.8876476
CitanHostel,Tokyo,2500,8.1,9.4,Superb,9.3,9.8,9.5,9.1,9.5,9.6,9.3,139.781352,35.691571
CocoHostelOsaka,Osaka,2100,4.7,8.5,Fabulous,7.2,9.2,8.0,9.8,8.2,8.8,8.2,135.508221,34.6644243
Colours,Kyoto,1600,1.8,8.9,Fabulous,4.0,10.0,10.0,8.0,10.0,10.0,10.0,136.45209156,35.0094112
Comics&CapsulehotelComicapKyotoshinkyogoku,Kyoto,2000,0.7,9.6,Superb,9.1,9.8,9.8,9.8,9.4,9.3,9.7,135.7676061,35.0053862
CommonDeHostel&Bar,Fukuoka-City,2500,0.8,9.9,Superb,10.0,10.0,10.0,9.0,10.0,10.0,10.0,130.4032209,33.5978245
DaikokuHostel,Osaka,2800,5.8,8.0,Fabulous,6.0,8.0,8.0,8.0,9.0,9.0,8.0,135.4971528,34.6550004
DotomboriBase,Osaka,2500,4.3,8.7,Fabulous,8.6,8.3,7.7,9.7,8.6,9.4,8.9,135.5052683,34.6678045
DowntownInnKyoto,Kyoto,1000,1.4,9.3,Superb,8.9,9.7,9.7,9.1,9.1,8.6,9.7,135.755182,35.0052769
DropInnOsaka,Osaka,2800,1.4,8.8,Fabulous,8.3,9.5,9.0,8.3,9.1,8.5,8.7,135.4886189,34.7001589
EdoTokyoHostel,Tokyo,1800,15.8,8.1,Fabulous,8.0,8.5,8.0,7.5,7.0,8.5,9.0,139.8638707,35.7129526
EmblemHostelNishiarai,Tokyo,2000,13.3,9.3,Superb,9.5,9.8,9.7,7.4,9.8,9.8,9.5,139.791216,35.7782
EnakaAsakusaCentralHostel,Tokyo,2600,9.7,9.3,Superb,8.9,9.8,9.3,9.6,9.6,9.1,8.9,139.795301,35.7121845
EzstayOsaka,Osaka,2000,4.6,3.1,,2.0,2.0,2.0,4.0,6.0,2.0,4.0,135.535271,34.6757318
FairfieldHouse,Kyoto,1700,1.9,9.3,Superb,9.1,9.6,9.4,8.7,9.3,9.6,9.7,135.76303117999998,34.999485459999995
Family&BakpakTokyoHostel,Tokyo,1800,9.8,7.4,VeryGood,6.5,6.5,7.5,7.5,8.5,6.5,9.0,139.79148,35.72369
FriendsKyo,Kyoto,2200,1.2,10.0,Superb,10.0,10.0,10.0,10.0,10.0,10.0,10.0,135.7718,35.001371
FukuokaBackpackersHostel,Fukuoka-City,2300,2.5,8.3,Fabulous,7.5,8.6,8.0,8.2,8.8,8.9,8.1,130.428142,33.584119
FukuokaHanaHostel,Fukuoka-City,2500,0.8,9.0,Superb,8.3,9.2,8.8,9.5,9.0,9.3,9.0,130.4097719,33.5926482
FuntocoBackpackersmba,Osaka,2300,5.5,9.3,Superb,8.9,9.6,9.0,9.0,9.5,10.0,9.4,135.503623,34.656784
GionRyokanQ-Beh,Kyoto,2800,1.5,9.5,Superb,9.0,9.8,9.5,9.8,9.3,9.5,9.6,135.7795363,35.0014418
GoenLounge＆Stay,Osaka,2000,18.2,8.9,Fabulous,8.0,10.0,10.0,6.0,8.0,10.0,10.0,135.6505111,34.815565
GojoGuestHouse,Kyoto,2000,1.9,9.5,Superb,9.6,9.5,8.8,9.6,9.3,10.0,9.8,135.7722097,34.9954879
GojoGuesthouse-Annex,Kyoto,2500,1.7,9.6,Superb,8.7,10.0,9.3,9.3,10.0,10.0,10.0,135.775803,34.998209
GoodDinerInnCopain,Tokyo,3300,5.6,9.1,Superb,9.5,9.5,9.5,8.0,9.0,10.0,8.5,139.7182582,35.7346756
GridsKyotoShijoKawaramachiHotel&Hostel,Kyoto,1800,1.0,9.7,Superb,8.9,10.0,9.5,10.0,10.0,9.8,9.8,135.764823,35.004678
GridsTokyoAkihabaraHotel&Hostel,Tokyo,2400,8.0,8.7,Fabulous,7.8,9.4,8.7,8.7,8.8,8.7,8.7,139.780326,35.696562
GridsTokyoAsakusa-BashiHotel&Hostel,Tokyo,2200,8.3,9.0,Superb,7.9,9.6,9.0,8.7,9.5,9.5,8.9,139.780326,35.696562
GridsTokyoNihombashiEastHotel&Hostel,Tokyo,2400,8.3,8.3,Fabulous,6.7,9.3,8.7,9.3,9.3,7.3,7.3,139.783943,35.690286
GuestHouseBola-Bola,Kyoto,2700,6.1,9.4,Superb,9.3,9.9,9.0,8.8,9.4,9.9,9.4,135.7015683,35.0147747
GuestHouseComInnHiroshima,Hiroshima,2900,2.5,8.9,Fabulous,7.3,10.0,8.0,8.0,10.0,10.0,8.7,132.443757,34.405665
GuestHouseDenchi,Tokyo,3600,9.2,8.9,Fabulous,8.0,10.0,6.0,8.0,10.0,10.0,10.0,139.7895455,35.7128268
GuestHouseGa-Jyun,Kyoto,2000,1.4,9.6,Superb,9.6,9.7,9.4,9.4,9.4,9.9,9.9,135.7833531,35.009131
GuestHouseHachi,Kyoto,3200,3.2,10.0,Superb,10.0,10.0,10.0,10.0,10.0,10.0,10.0,135.7435285,34.9915805
GuestHouseHitsuji-An,Kyoto,2200,1.3,9.8,Superb,9.5,10.0,9.5,10.0,10.0,10.0,9.5,135.75435,35.009679
GuestHouseHokorobi,Fukuoka-City,2400,6.0,8.4,Fabulous,7.7,8.5,8.5,7.5,9.5,8.7,8.7,138.92645378,35.485684920000004
GuestHouseKaine,Fukuoka-City,2500,0.7,8.9,Fabulous,10.0,9.0,8.5,9.0,7.5,10.0,8.5,130.403731,33.596604
GuestHouseKyotoInn,Kyoto,1500,3.3,8.9,Fabulous,8.7,9.4,9.0,8.1,8.6,9.4,8.9,135.743165,34.990043
GuestHouseLaKongo,Osaka,2500,4.2,7.8,VeryGood,6.0,8.0,7.5,9.0,8.0,8.5,7.5,135.5078668,34.6687802
GuestHouseMatsu,Osaka,1900,7.4,9.3,Superb,9.0,9.7,9.2,8.7,9.3,9.7,9.5,135.495148,34.640747
GuestHouseOdori,Osaka,2800,7.9,8.6,Fabulous,10.0,10.0,8.0,6.0,8.0,8.0,10.0,135.5231371,34.6372998
GuestHouseOnoya,Osaka,2000,3.3,9.4,Superb,9.5,10.0,10.0,8.0,9.0,10.0,9.5,135.5376482,34.7025957
GuestHouseRenjishiKabuki,Kyoto,1500,2.5,8.7,Fabulous,8.0,8.9,7.9,8.7,9.0,9.8,8.6,135.7505144,34.9949044
GuestHouseRoku,Hiroshima,2900,2.7,9.3,Superb,9.5,9.5,9.0,9.0,9.2,9.8,9.4,132.465716,34.4074787
GuestHouseShinagawa-ShukuTokyo,Tokyo,3300,8.7,9.2,Superb,9.0,9.3,9.3,8.7,9.0,10.0,9.0,139.7403581,35.6217794
GuestHouseShioriAnn,Kyoto,1500,2.0,8.9,Fabulous,6.0,8.0,10.0,9.0,10.0,9.0,10.0,135.759117,34.994889
GuestHouseTrace,Tokyo,2700,8.7,7.7,VeryGood,6.0,6.0,6.0,8.0,10.0,8.0,10.0,137.29801360000002,35.21273756
GuestHouseYahata,Kyoto,2500,2.0,8.6,Fabulous,7.5,9.5,8.5,8.0,9.8,8.5,8.5,135.754772,34.9976055
GuestHouseYululu,Kyoto,1500,0.5,8.6,Fabulous,8.3,8.6,7.8,9.5,8.5,9.4,8.3,135.7626322,35.0098862
GuesthouseFete,Tokyo,2300,9.7,9.4,Superb,9.8,9.2,8.9,8.8,9.5,9.9,9.4,139.7981,35.701441
GuesthouseFujitatami,Osaka,2200,26.6,9.1,Superb,9.8,9.8,9.3,6.8,9.0,9.8,9.3,135.4575132,34.4698056
GuesthouseGloire,Osaka,2800,3.9,7.1,VeryGood,8.0,8.0,8.0,4.0,6.0,8.0,8.0,135.511096,34.67197
GuesthouseHetogep,Osaka,2500,4.5,9.1,Superb,9.2,8.4,9.2,10.0,8.8,9.6,8.8,135.5049204,34.6662004
GuesthouseHiroshimaMangeTak,Hiroshima,2800,1.4,9.5,Superb,8.9,9.8,9.4,9.6,9.6,9.7,9.3,132.445801,34.3952854
GuesthouseKagaribi,Tokyo,2200,11.8,8.3,Fabulous,8.0,8.8,8.0,6.8,8.0,9.6,8.8,139.7957726,35.7539265
GuesthouseMorizouFemaleOnly,Osaka,2000,3.7,10.0,Superb,10.0,10.0,10.0,10.0,10.0,10.0,10.0,135.526955,34.6800923
GuesthouseOrigami,Kyoto,1500,1.7,8.1,Fabulous,7.7,7.1,7.7,8.6,8.6,8.9,8.0,135.75711512000004,35.0021641
GuesthouseSai,Osaka,1800,7.0,8.9,Fabulous,7.6,10.0,9.6,7.6,9.2,9.2,9.2,135.5661389,34.7412826
GuesthouseSensu,Tokyo,3300,15.7,9.3,Superb,8.0,10.0,9.5,9.0,9.0,10.0,9.5,139.7405231,35.553499
GuesthouseShitamachi-Kujo,Kyoto,1900,3.9,9.1,Superb,10.0,10.0,8.0,8.0,10.0,10.0,8.0,135.762166,34.977079
GuesthouseSoi,Kyoto,1700,2.4,9.5,Superb,9.4,9.6,9.6,8.8,9.4,9.8,9.8,135.7776103,34.9917216
GuesthouseU-En,Osaka,2300,1.9,9.5,Superb,9.3,9.6,9.3,9.4,9.4,9.8,9.5,135.4865055,34.6946473
HarborsideGuestHouseMinato,Fukuoka-City,2500,1.5,8.4,Fabulous,7.5,9.0,8.5,7.0,9.5,9.0,8.5,130.406397,33.603186
HaruyaHostelsAqua,Kyoto,1500,3.1,9.0,Superb,9.0,9.0,9.0,9.0,9.0,9.0,9.0,135.748695,34.988516
HatagoTenjin,Fukuoka-City,2300,0.6,8.4,Fabulous,8.7,8.7,8.7,10.0,7.3,7.3,8.0,130.3976545,33.5946282
HikariHouse,Tokyo,4000,1.4,7.6,VeryGood,6.3,8.0,6.8,9.4,6.9,8.6,7.6,139.7019965,35.6991367
HiromasHostelInAkiba,Tokyo,2700,7.3,9.2,Superb,8.7,9.6,9.2,9.1,9.1,9.4,9.6,139.7702062,35.704546
HiromasHostelInKanda,Tokyo,2000,7.6,9.3,Superb,8.4,9.8,9.5,9.1,9.2,9.4,9.3,139.7763124,35.6928219
HiromasInnChitose-Karasuyama,Tokyo,3000,0.0,7.5,VeryGood,7.1,9.1,7.4,7.4,6.3,6.9,8.3,139.6033214,35.6711619
HiroshimaHanaHostel,Hiroshima,2300,2.4,9.0,Superb,8.1,9.3,8.8,9.4,8.9,9.5,9.0,132.478765,34.395097
HiroshimaHostelEn,Hiroshima,3000,2.6,9.6,Superb,9.8,9.7,9.3,9.3,9.3,9.8,9.7,132.450789,34.408
HomeHostelOsaka,Osaka,2700,6.2,9.7,Superb,8.7,9.9,10.0,9.7,9.9,9.7,9.7,137.3035559,35.20858174
Homeikan,Tokyo,3600,6.3,9.3,Superb,9.1,9.4,9.1,9.1,9.1,10.0,9.1,139.75625,35.711231
HopStepInn,Tokyo,1500,8.5,9.1,Superb,8.5,9.6,9.3,8.3,9.6,9.4,9.2,139.7382791,35.7560182
Hostel&CafeBarBackpackersMiyajima,Hiroshima,2900,16.1,9.2,Superb,9.2,9.3,9.0,9.2,9.1,9.6,8.9,132.3046213,34.3101872
Hostel64Osaka,Osaka,2700,3.4,8.6,Fabulous,8.2,8.6,8.2,8.1,9.1,9.0,8.6,135.4883418,34.6780282
HostelBedgasm,Tokyo,2900,9.5,9.6,Superb,9.6,9.8,9.6,9.1,9.5,9.9,9.7,139.789033,35.72135
HostelBushi,Osaka,1900,3.4,8.8,Fabulous,8.5,8.8,8.9,8.6,8.8,9.2,8.9,135.5374497,34.6979324
HostelChapterTwoTokyo,Tokyo,2700,9.8,10.0,Superb,10.0,10.0,10.0,10.0,10.0,10.0,10.0,139.797217,35.709305
HostelChillout,Osaka,2300,4.3,9.6,Superb,9.4,9.4,9.1,10.0,9.4,10.0,9.7,135.48928812000003,34.67215476
HostelDen,Tokyo,2400,7.7,9.4,Superb,9.1,9.7,9.3,9.0,9.7,9.7,9.4,139.7766966,35.6910315
HostelEbi,Kyoto,2500,1.0,9.7,Superb,9.4,9.9,9.5,9.8,9.7,9.8,9.6,135.760511,35.0050582
HostelEbisuteiSouzouWithSakeBar,Osaka,2400,5.6,9.2,Superb,9.7,9.0,9.0,9.5,8.3,9.6,9.4,135.5052993,34.6560531
HostelEnisiamba,Osaka,3000,4.3,9.3,Superb,8.7,9.2,9.3,10.0,9.5,9.3,9.2,135.503292,34.6681
HostelGinkakuji,Kyoto,1300,2.7,4.9,,2.0,10.0,6.0,6.0,2.0,2.0,6.0,135.791229,35.027017
HostelHaruyaBook,Kyoto,1500,3.1,8.6,Fabulous,7.6,8.4,7.6,8.0,9.6,10.0,9.2,135.69802667999997,34.93666368
HostelHaruyaKyoto,Kyoto,1500,1.0,9.6,Superb,8.0,10.0,10.0,10.0,10.0,10.0,9.0,135.778964,35.008755
HostelHyaku,Osaka,2700,4.4,9.5,Superb,8.9,10.0,9.4,9.3,9.7,9.7,9.5,135.5109784,34.6676664
HostelJCulture168,Osaka,3000,5.3,7.5,VeryGood,6.7,7.3,8.7,7.3,8.0,9.3,5.3,138.252924,36.204824
HostelJin,Osaka,2500,4.3,9.6,Superb,8.8,10.0,9.8,8.8,9.8,9.8,10.0,135.4661493,34.6810161
HostelKyotoKizuna,Kyoto,1800,2.1,9.4,Superb,8.6,9.9,9.5,9.2,9.6,9.6,9.6,135.7626527,34.9936138
HostelLnk(Lodging&Kin),Osaka,3300,5.6,9.5,Superb,9.2,10.0,9.3,9.5,9.3,9.5,9.5,135.502521,34.656382
HostelMallika,Hiroshima,2500,0.7,9.3,Superb,8.5,9.5,9.2,9.7,9.4,9.6,9.3,132.4499424,34.389848
HostelMitsuwayaOsaka,Osaka,3200,4.1,9.6,Superb,9.4,10.0,9.7,9.1,9.7,9.9,9.6,135.513379,34.670596
HostelMoku-Moku,Osaka,3500,4.0,9.6,Superb,9.0,10.0,10.0,9.5,10.0,9.5,9.5,135.516458,34.74071
HostelMundo,Kyoto,1400,2.1,8.4,Fabulous,8.0,8.6,8.0,8.0,8.7,8.9,8.8,135.7479461,35.0204264
HostelMundoChiquito,Kyoto,1400,1.4,9.5,Superb,9.0,9.8,9.3,9.0,9.8,10.0,9.8,135.753339,35.015514
HostelPumpkeyTokyo,Tokyo,3400,2.3,8.7,Fabulous,8.3,9.0,8.5,9.0,8.7,9.0,8.3,139.716957,35.686319
HostelQ,Osaka,2900,4.2,8.7,Fabulous,9.0,7.3,8.0,9.7,9.0,9.3,8.3,135.4986093,34.6692633
HostelRakutsuki,Osaka,1900,4.7,9.5,Superb,9.3,9.5,8.7,9.8,9.8,9.8,9.8,135.5062517,34.6647159
HostelTeltelBouzu,Osaka,2500,3.8,9.0,Superb,9.0,9.0,9.0,8.3,9.3,9.3,9.0,135.5091721,34.6734621
HostelWaqwaqTokyoUenoAsakusa,Tokyo,1600,9.0,8.9,Fabulous,8.9,9.6,9.0,8.4,8.5,9.0,8.7,139.785178,35.717633
HostelWasabiKyotoMachiyaSoba,Kyoto,2000,2.3,9.1,Superb,8.9,9.8,9.1,7.9,9.0,9.2,9.4,135.7481084,35.0249099
HostelWasabiOsakaBedWithLibrary,Osaka,1500,4.5,8.8,Fabulous,8.1,9.1,8.7,9.5,8.2,9.2,9.0,135.503826,34.666552
Hostel＆CaféEast57Asakusabashi,Tokyo,2200,8.7,8.7,Fabulous,7.8,9.3,7.8,9.1,9.0,9.1,8.6,139.7876509,35.6967579
HotelCargoShinsaibashi,Osaka,4200,3.2,9.3,Superb,8.4,9.6,8.8,8.8,9.6,10.0,9.6,135.503563,34.678242
HotelChuo,Osaka,1500,6.4,6.4,Good,6.0,6.0,6.0,8.0,5.0,7.0,7.0,135.5046082,34.6490104
HotelGraphyNezu,Tokyo,1800,7.6,8.9,Fabulous,8.5,9.1,9.2,8.5,9.3,9.3,8.8,139.768667,35.717269
HotelKawaseTokyoAndCapsule,Tokyo,1900,9.8,6.4,Good,5.4,5.1,6.0,8.0,6.3,7.4,6.6,137.26800978,35.14776438
HotelMikado,Osaka,2000,6.5,8.7,Fabulous,9.3,7.3,8.0,9.3,8.0,9.3,9.3,136.3617648,34.86361128
HotelRaizanSouth,Osaka,2000,6.5,8.1,Fabulous,7.0,7.0,9.0,9.0,8.0,8.0,9.0,135.504278,34.648413
HotelShin-Imamiya,Osaka,1400,6.3,6.6,Good,4.8,7.3,6.0,7.8,8.3,6.3,5.8,135.5015478,34.6497931
HotelSunPlaza,Osaka,1300,6.3,6.5,Good,6.0,7.3,6.0,6.7,6.0,7.3,6.0,136.52654235999998,35.07604682
HotelTaiyo,Osaka,1500,6.5,8.1,Fabulous,7.3,8.0,8.0,8.7,8.7,8.0,8.0,135.5047718,34.6483624
HotelWako,Osaka,1600,6.8,6.0,Good,4.0,4.0,6.0,6.0,8.0,6.0,8.0,135.5018819,34.6459573
Hotel&HostelOnTheMarksTokyoKawasaki,Tokyo,1900,18.1,9.6,Superb,9.6,10.0,9.6,8.7,9.9,9.9,9.6,139.6985808,35.5269926
Idocoro,Osaka,1800,2.2,8.2,Fabulous,7.1,8.9,8.0,7.6,8.8,8.7,8.2,135.5086675,34.6873302
IkidaneHouse,Tokyo,2000,8.2,9.1,Superb,8.0,9.6,8.8,9.2,9.2,9.6,9.2,139.7604533,35.7373998
IkidaneHouseAsakusaHatago,Tokyo,2000,10.0,8.9,Fabulous,10.0,10.0,10.0,4.0,10.0,8.0,10.0,139.7950489,35.722089
IkidaneHousemba,Osaka,1200,6.5,9.3,Superb,8.9,9.6,9.7,8.8,8.9,9.6,9.6,135.5019794,34.6479104
Ikoi-No-IeKyoto,Kyoto,2700,2.2,8.0,Fabulous,6.0,8.8,8.0,8.0,9.2,8.4,7.6,135.757046,34.994033
IlohaHostelmbaShinsaibashi,Osaka,2600,3.7,9.2,Superb,8.7,9.6,9.2,9.6,9.2,8.5,9.4,135.503048,34.673766
ImGuestHouse,Osaka,1900,6.2,8.3,Fabulous,7.0,8.0,7.0,8.0,9.0,10.0,9.0,137.26800978,35.14776438
ImanoKyotoKiyomizuHostel,Kyoto,2200,1.9,9.2,Superb,8.6,9.8,9.3,9.1,9.4,9.2,9.3,135.776144,34.995592
ImanoTokyoGinzaHostel,Tokyo,2700,7.6,8.9,Fabulous,8.3,9.3,8.9,8.8,9.3,9.2,8.7,139.7729057,35.6723059
ImanoTokyoHostel,Tokyo,3300,1.5,8.6,Fabulous,7.7,8.9,8.1,9.3,8.6,9.2,8.1,139.7077128,35.6935053
IroriNihonbashiHostelAndKitchen,Tokyo,2100,8.3,9.0,Superb,8.9,8.9,8.9,9.0,9.2,9.3,8.8,139.7836767,35.6926538
IzaTokyoAsakusaGuesthouse,Tokyo,2500,9.9,9.3,Superb,9.3,9.3,9.2,9.4,9.2,9.6,9.2,139.799302,35.706708
J-HoppersHiroshimaGuesthouse,Hiroshima,2300,1.1,9.1,Superb,8.5,9.3,9.0,9.3,9.3,9.4,9.2,132.4472444,34.3930208
J-HoppersKyotoGuestHouse,Kyoto,1900,3.6,9.0,Superb,8.4,9.1,8.3,8.9,9.4,9.7,9.3,135.761616,34.979439
J-HoppersOsakaGuesthouse,Osaka,2300,1.9,9.5,Superb,9.5,9.6,9.2,9.5,9.6,9.7,9.6,135.484861,34.697435
J-HoppersOsakaUniversal,Osaka,2500,6.4,9.4,Superb,9.3,9.7,9.2,8.7,9.7,10.0,9.5,135.442876,34.675236
J'SBackpackers,Tokyo,1600,16.6,8.3,Fabulous,8.0,10.0,8.0,4.0,10.0,8.0,10.0,139.8623809,35.745044
JamHostelKyotoGion,Kyoto,1500,0.9,7.7,VeryGood,7.0,8.0,7.0,9.4,8.0,6.9,7.9,135.772379,35.004919
JapanizeGuestHouse,Tokyo,1900,8.1,7.6,VeryGood,7.0,6.0,7.7,8.7,7.7,8.0,8.3,139.7816602,35.6925343
JghTokyo,Tokyo,1600,13.2,8.4,Fabulous,8.1,8.0,8.1,7.1,8.8,9.8,8.9,139.708425,35.8072664
JimbochoSakuraHotel,Tokyo,2200,5.9,9.4,Superb,9.0,9.5,10.0,9.0,9.0,9.5,10.0,139.756455,35.694959
Jiyujin,Kyoto,2600,2.0,9.7,Superb,9.0,10.0,9.8,9.5,10.0,9.7,9.7,135.76116,34.9949965
JuyohHotel,Tokyo,2900,10.7,8.3,Fabulous,7.6,8.4,8.4,7.1,8.9,8.9,8.7,139.8007803,35.7267106
KaisuHostel,Tokyo,3900,4.4,9.4,Superb,9.1,9.7,9.3,9.3,9.6,9.5,9.2,139.734537,35.669916
"KaneyoshiRyokan,mbaDotombori",Osaka,6500,4.2,9.4,Superb,10.0,9.0,9.0,10.0,9.0,10.0,9.0,135.505474,34.66926
Ken'SHouse,Osaka,2000,4.7,8.7,Fabulous,7.5,9.0,9.0,9.5,8.0,9.0,9.0,135.50277048,34.662963760000004
KhaosanKyotoGuestHouse,Kyoto,2000,1.1,8.9,Fabulous,8.2,8.8,8.5,9.6,9.1,9.0,8.9,136.00190232,35.03530216
KhaosanTokyoKabuki,Tokyo,3000,9.7,9.2,Superb,8.8,8.8,8.8,9.8,9.5,9.5,9.0,139.795251,35.711436
KhaosanTokyoLaboratory,Tokyo,2600,9.3,9.1,Superb,7.9,9.3,8.8,9.3,9.4,9.7,9.3,139.791328,35.711861
KhaosanTokyoOrigami,Tokyo,2500,10.0,9.5,Superb,8.9,9.7,9.6,9.4,9.7,9.7,9.4,139.797381,35.71634
KhaosanTokyoSamurai,Tokyo,2500,9.5,9.2,Superb,8.0,9.3,9.3,9.4,9.5,9.4,9.4,139.792325,35.714887
KhaosanWorldAsakusaRyokan&Hostel,Tokyo,2500,9.5,8.8,Fabulous,8.5,8.7,8.5,8.9,9.0,9.2,8.6,139.791771,35.714595
KhaosanWorldmba,Osaka,2100,4.5,8.5,Fabulous,7.4,8.4,8.4,9.1,8.9,9.0,8.4,135.49717,34.666165
KhaosanWorldRyogokuHostel,Tokyo,2300,9.5,9.0,Superb,8.2,9.1,8.9,9.6,9.1,9.3,8.4,139.7967617,35.6943259
KhaosanWorldTennojiHostel,Osaka,2300,6.6,9.0,Superb,8.3,9.7,9.7,9.3,8.7,9.3,8.0,135.5183093,34.64884
KiaOraBudgetstay,Fukuoka-City,2600,2.0,9.0,Superb,8.0,8.8,8.8,9.2,9.3,9.8,8.8,130.4225942,33.5951129
KintetsuFriendlyHostel-OsakaTennojiPark-,Osaka,2000,6.5,9.0,Superb,7.8,9.5,9.1,9.4,9.3,9.1,9.0,135.5122677,34.6485086
KyotoBeOpenHostel,Kyoto,3400,3.8,9.0,Superb,8.7,9.3,8.7,9.3,8.7,9.3,9.3,135.764191,34.977498
KyotoGuesthouseRoujiya,Kyoto,3500,2.1,8.1,Fabulous,7.8,9.0,7.4,8.0,8.6,8.8,7.4,135.74531,35.009207
KyotoHanaHostel,Kyoto,1800,2.5,8.9,Fabulous,8.1,9.1,8.3,9.8,8.7,9.2,8.8,135.760508,34.9897078
KyotoMorrisHostel,Kyoto,2800,0.5,9.7,Superb,9.4,9.9,9.9,9.3,9.8,9.8,9.8,135.7678365,35.0156844
KyotoStationBase,Kyoto,2500,3.7,8.9,Fabulous,8.7,9.3,8.7,8.0,8.7,10.0,8.7,135.761469,34.9788089
KyotoTsukiusagi,Kyoto,3000,8.7,7.9,VeryGood,6.5,9.5,8.0,7.0,9.0,8.0,7.5,135.805378,34.940169
KyotoUtanoYouthHostel,Kyoto,3400,6.4,9.3,Superb,9.0,10.0,9.5,7.0,10.0,10.0,9.5,135.699365,35.0269847
KyoubashiRyokan,Hiroshima,3400,1.8,8.6,Fabulous,6.0,10.0,6.0,10.0,10.0,8.0,10.0,132.4718215,34.3938412
LenKyoto,Kyoto,2500,1.4,9.6,Superb,9.6,9.6,9.7,9.7,9.6,9.8,9.5,135.7673713,34.998732
LittleJapan,Tokyo,2100,8.5,9.2,Superb,8.7,9.3,9.3,8.7,9.2,9.5,9.5,138.92838626,35.487197560000006
LoreHostelDontonbori,Osaka,2000,4.3,8.5,Fabulous,7.1,7.7,8.6,9.7,9.1,8.6,8.9,135.503853,34.667931
Lucky'S,Osaka,2500,3.2,7.7,VeryGood,2.0,10.0,8.0,8.0,10.0,10.0,6.0,134.63842456,34.650382719999996
LyuroTokyoKiyosumi-TheShareHotels-,Tokyo,3200,9.1,9.4,Superb,9.3,10.0,10.0,7.3,10.0,9.3,10.0,139.7920658,35.6812172
MontanHakata,Fukuoka-City,3000,2.4,9.4,Superb,9.3,9.8,9.7,8.8,9.5,9.5,9.5,130.427977,33.588725
MosaicHostelKyoto,Kyoto,2500,3.7,9.6,Superb,9.5,9.7,9.7,9.3,9.7,9.7,9.5,135.7552361,34.9803659
MusicUniStreetBackpackersHostel,Osaka,3000,6.0,8.9,Fabulous,9.0,9.0,9.0,8.0,8.0,10.0,9.0,135.4673702,34.7519746
MycubeByMystaysAsakusa-Kuramae,Tokyo,3200,9.2,8.8,Fabulous,8.0,9.5,9.0,8.0,9.0,9.0,9.0,139.7920033,35.7037857
deshikoHotelShibuya(FemaleOnly),Tokyo,5500,3.8,9.2,Superb,8.7,9.7,9.7,8.7,9.7,9.3,8.7,139.692988,35.6550972
gomi-RyokanYuu,Kyoto,3100,2.2,5.1,,6.0,6.0,2.0,8.0,6.0,2.0,6.0,135.755793,34.99419
NihonbashiMuromachiBayHotel,Tokyo,4000,7.6,9.2,Superb,9.0,9.7,8.7,8.3,10.0,9.3,9.3,139.7756795,35.6872974
NorishicoAutoGuesthouse,Fukuoka-City,2800,16.1,10.0,Superb,10.0,10.0,10.0,10.0,10.0,10.0,10.0,130.528032,33.49096
Nui.Hostel&BarLounge,Tokyo,2500,9.3,9.3,Superb,9.5,9.6,9.4,8.6,9.3,9.6,9.4,139.7933951,35.7038859
O-YadoSato,Kyoto,3900,2.3,9.1,Superb,9.0,10.0,9.0,8.0,10.0,9.0,9.0,135.75571,34.994214
OakHostelZen,Tokyo,2200,8.8,9.0,Superb,8.2,8.9,8.9,9.1,9.6,9.3,8.9,139.7809311,35.7219034
OakHotelEdo,Tokyo,2200,9.7,7.6,VeryGood,4.0,10.0,8.0,8.0,8.0,8.0,7.0,139.798931,35.6879156
OakhostelCabin,Tokyo,2100,8.6,9.0,Superb,8.1,9.5,9.1,8.4,9.4,9.2,9.2,139.7859882,35.678055
OakhostelFuji,Tokyo,2000,10.0,9.0,Superb,8.2,9.2,8.9,8.9,9.4,9.1,9.2,139.8009084,35.7069254
OakhostelSakura,Tokyo,1800,11.3,9.2,Superb,8.0,10.0,9.3,9.3,9.7,9.0,9.0,139.8152216,35.70739
ObiHostel,Tokyo,2000,8.2,9.1,Superb,8.4,9.2,9.0,9.0,9.3,9.4,9.1,139.7819046,35.6920482
OkaraGuesthouse,Kyoto,1900,2.4,9.4,Superb,9.2,9.8,9.4,9.2,9.4,9.4,9.4,135.7550308,34.9925923
Oki'SInn,Kyoto,2500,1.1,9.4,Superb,8.8,9.6,9.2,10.0,8.8,10.0,9.2,135.7789591,35.0086338
OmotenashiHostelMiyajima,Hiroshima,2500,13.5,9.1,Superb,8.8,9.7,9.5,7.9,9.2,9.5,9.3,132.319971,34.3369812
OsakaFukuHostelgomi,Osaka,3000,4.4,9.3,Superb,8.7,9.6,9.0,9.8,8.9,9.6,9.2,135.50642,34.667318
OsakaFukuHostelmba,Osaka,3000,4.5,8.9,Fabulous,8.5,9.0,8.3,9.7,8.8,9.6,8.4,135.5041027,34.6665276
OsakaGuestHouseMidoriya,Osaka,2800,5.1,9.7,Superb,9.7,10.0,9.6,9.4,9.7,10.0,9.7,135.5485836,34.6817305
OsakaGuesthouseHive,Osaka,2300,1.3,8.3,Fabulous,7.6,8.6,8.0,8.5,8.6,8.5,8.0,135.489407,34.7021661
OsakaGuesthouseKoma,Osaka,1500,4.4,8.3,Fabulous,8.0,7.5,7.8,9.1,7.9,9.1,8.8,135.4895197,34.6687377
OsakaGuesthouseNest,Osaka,1500,6.7,8.5,Fabulous,7.8,9.0,8.2,8.7,8.3,9.2,8.0,135.52325,34.6494472
OsakaGuesthouseSakura,Osaka,2500,0.9,8.8,Fabulous,8.9,8.9,8.4,8.3,8.5,9.4,9.2,135.505511,34.69898
OsakaGuesthouseSun,Osaka,2300,4.3,9.1,Superb,8.8,9.0,8.5,9.5,8.8,9.5,9.4,135.4918195,34.6693182
OsakaHanaHostel,Osaka,2600,3.7,9.5,Superb,8.5,9.6,9.6,9.8,9.5,9.8,9.6,135.498216,34.6731483
OsakaHostelKai,Osaka,2600,2.8,9.1,Superb,8.9,9.1,8.9,8.6,8.9,9.7,9.7,135.4764591,34.6931733
OsakaInternationalYouthHostel,Osaka,2900,20.3,9.4,Superb,10.0,10.0,10.0,6.0,10.0,10.0,10.0,135.433003,34.532974
OsakambaHostelMiyabi,Osaka,2000,5.0,8.9,Fabulous,7.6,9.1,8.8,9.3,9.0,9.2,9.4,135.4967377,34.6620588
Oshiteruya,Osaka,2800,6.5,7.3,VeryGood,6.7,8.0,6.7,7.3,6.7,8.0,8.0,135.549222,34.663197
PeaceHouseAbeno,Osaka,1200,6.9,9.0,Superb,9.0,9.1,9.1,8.2,9.1,9.1,9.3,135.5072578,34.6447906
PeaceHouseSachi,Osaka,1200,6.5,8.6,Fabulous,8.8,8.2,7.9,8.9,8.4,9.2,8.8,135.5042885,34.6484984
PeaceHouseSakura,Kyoto,1300,1.8,6.3,Good,6.8,5.8,5.3,6.5,6.3,6.8,7.0,135.773323,34.995831
PeaceHouseShowa,Osaka,1200,6.8,7.5,VeryGood,8.0,6.4,5.6,8.0,6.4,9.6,8.4,135.5065439,34.6457488
PeaceHouseSuzunami,Osaka,1200,6.4,8.2,Fabulous,8.4,7.1,7.9,8.7,8.0,8.9,8.2,135.5122777,34.6493107
PicnicHostelOsaka,Osaka,2000,4.4,9.4,Superb,8.6,9.8,9.4,9.5,9.5,9.5,9.6,135.487358,34.6692926
PieceHostelKyoto,Kyoto,2700,3.2,9.7,Superb,9.2,9.9,9.8,9.8,9.9,9.9,9.6,135.7621209,34.9836157
PieceHostelSanjo,Kyoto,2900,0.5,9.6,Superb,9.1,9.8,9.7,9.6,9.8,9.9,9.6,135.764655,35.008028
PlanetyzeHostel,Tokyo,2400,8.5,9.3,Superb,8.6,9.5,9.0,9.3,9.6,9.6,9.3,139.786004,35.694492
PolyHostelOsaka,Osaka,3800,5.9,9.4,Superb,8.0,10.0,10.0,8.0,10.0,10.0,10.0,138.94386347999998,35.518560300000004
PrimeInnShinsaibashi,Osaka,2600,3.3,9.2,Superb,8.7,9.3,8.7,9.3,10.0,9.3,9.3,135.5074622,34.677238
QooEbisucho,Osaka,2000,5.5,5.7,,6.0,8.0,6.0,6.0,2.0,8.0,4.0,135.5053576,34.657003
QualityHostelK'SHouseTokyoOasis,Tokyo,3000,9.6,9.0,Superb,8.2,9.6,8.4,9.1,9.5,9.3,8.7,139.7935305,35.715796
R.StarHostelKyoto,Kyoto,2400,1.8,9.6,Superb,8.7,10.0,9.7,9.3,9.8,9.9,9.8,135.758374,34.997989
RetrometroBackpackers,Tokyo,3000,9.2,9.4,Superb,9.4,9.4,9.0,9.4,9.5,9.8,9.6,139.7893615,35.7131573
Rokuroku,Kyoto,2500,2.4,9.7,Superb,10.0,10.0,10.0,9.0,10.0,9.0,10.0,133.62528794,34.43145134
RootsHostel,Osaka,3000,3.1,8.0,Fabulous,7.8,7.9,7.6,7.5,8.0,9.1,8.1,136.09816852,35.05400616
Ryokan＆HostelWasabiNippori,Tokyo,2000,9.1,8.7,Fabulous,8.2,8.6,8.9,8.5,8.8,8.9,8.9,139.777723,35.732782
SakaiGuestHouse,Osaka,2000,14.7,6.6,Good,7.0,6.0,6.0,6.0,7.0,8.0,6.0,138.9642703,35.55220388
SakuraGuestHouse,Osaka,2700,4.3,4.9,,4.0,4.0,4.0,8.0,4.0,6.0,4.0,137.2414859,36.135716
SakuraHostelAsakusa,Tokyo,2400,9.8,8.6,Fabulous,7.7,8.6,8.4,8.9,9.0,9.0,8.7,139.7948263,35.7160224
SakuraHotelIkebukuro,Tokyo,2300,5.1,8.3,Fabulous,7.3,8.2,7.9,9.0,7.8,9.1,8.8,139.7088026,35.7336139
SakuraHotelNippori,Tokyo,1900,7.8,9.1,Superb,8.6,9.4,8.9,9.1,9.7,9.4,8.6,139.764175,35.7281692
SakuraLaAn,Osaka,2900,1.2,9.6,Superb,9.3,9.8,9.5,9.2,9.6,9.8,9.7,135.5123668,34.6997902
SantiagoGuesthouseHiroshima,Hiroshima,2000,0.7,8.9,Fabulous,8.5,8.9,8.7,9.6,9.0,8.6,8.8,132.4594088,34.3903664
SantiagoGuesthouseKyoto,Kyoto,1300,2.0,8.8,Fabulous,8.4,9.3,8.7,8.5,8.7,9.2,8.8,135.775802,34.994416
SenbaHostel,Osaka,3500,3.2,9.1,Superb,9.0,9.5,9.0,9.0,9.5,9.0,8.5,135.506513,34.678133
SheenaAndIppei,Tokyo,3700,4.2,9.1,Superb,10.0,10.0,8.0,8.0,8.0,10.0,10.0,139.6930044,35.7273553
ShibamataFu-TenBedAndLocal,Tokyo,3000,18.5,4.9,,2.0,4.0,2.0,2.0,10.0,10.0,4.0,139.8778804,35.7597827
Shin-OsakaTomatoGuestHouse,Osaka,1500,1.9,9.0,Superb,7.4,9.6,9.1,8.4,9.3,9.6,9.4,135.495927,34.722974
Shin-OsakaYouthHostel,Osaka,3200,2.8,8.9,Fabulous,7.0,10.0,9.0,9.0,10.0,8.0,9.0,135.5037061,34.7321448
SmallWorldGuesthouseInKyoto,Kyoto,1600,3.9,8.1,Fabulous,8.5,8.9,8.0,7.8,6.9,7.1,9.1,135.7512884,35.0435832
SpaceHostelTokyo,Tokyo,2200,9.1,9.1,Superb,8.6,9.6,9.0,8.7,9.2,9.4,9.2,139.785652,35.718662
SparklingDolphinsInnKyoto,Kyoto,3000,3.6,6.2,Good,5.3,6.7,5.7,7.0,5.7,7.0,6.0,135.7628498,34.9797912
Stayto(Former:OakHotel),Tokyo,2500,8.7,9.0,Superb,8.3,9.1,8.5,9.2,9.4,9.5,8.8,139.78462,35.711382
SuzukiGuesthouse,Kyoto,1600,2.2,9.1,Superb,8.6,9.6,8.7,8.4,9.8,9.6,8.9,135.7451539,35.0176229
TabetomaNijoCastle,Kyoto,1500,1.3,8.8,Fabulous,8.5,9.3,8.6,8.9,9.0,9.0,8.7,135.748218,35.0142299
TabicolleBackpackers,Fukuoka-City,2500,2.3,10.0,Superb,10.0,10.0,10.0,10.0,10.0,10.0,10.0,130.4248084,33.5821253
TadaimaJapanShinjukuRyokan,Tokyo,7600,2.8,8.4,Fabulous,8.0,9.0,9.0,8.0,8.0,9.0,8.0,139.7229976,35.6897213
Talbot,Kyoto,2000,29.5,10.0,Superb,10.0,10.0,10.0,10.0,10.0,10.0,10.0,138.96806512,35.54802286
TanakaGokurakudoGuestHouse,Kyoto,2000,2.7,8.7,Fabulous,8.2,9.1,8.0,9.3,8.7,8.9,8.4,135.7583091,34.98891
Tani9BackpackersOsaka,Osaka,2000,4.5,9.0,Superb,8.8,8.9,8.6,9.5,9.2,9.5,8.7,135.513636,34.6670278
TheBlendInn,Osaka,2300,4.5,9.6,Superb,9.8,9.9,9.5,8.5,10.0,9.9,9.6,135.460685,34.684522
TheEvergreenHostel,Hiroshima,2000,1.5,9.0,Superb,8.6,9.1,8.7,9.2,8.9,9.3,9.0,132.449763,34.3978868
TheLifeHostel&BarLounge,Fukuoka-City,2400,0.9,9.1,Superb,8.9,9.4,9.2,9.3,8.8,9.2,8.9,130.4113419,33.5912939
TheLowerEastNineHostel,Kyoto,3000,3.7,9.4,Superb,8.8,9.8,9.6,8.9,9.7,9.6,9.2,135.7600257,34.9793866
TheMillennialsKyoto,Kyoto,2700,0.5,9.6,Superb,9.3,9.8,9.8,9.9,9.6,9.4,9.5,135.7688947,35.0075126
TheMillennialsShibuya,Tokyo,6300,3.1,9.3,Superb,8.9,10.0,9.3,9.8,9.5,8.9,8.7,139.6996954,35.6621966
TheNextDoorLowerEastNineHostel,Kyoto,3000,4.0,9.5,Superb,8.6,9.7,9.9,9.0,9.6,9.8,9.7,135.7500613,34.9791577
ThePaxHostel/Records/More,Osaka,2300,6.0,9.5,Superb,9.5,9.4,9.3,9.4,9.4,9.9,9.5,135.5054521,34.6527146
ThePrimePodGinzaTokyo,Tokyo,3700,7.2,9.0,Superb,7.9,9.2,9.2,9.5,9.6,9.0,8.4,139.7670874,35.6692691
ThePrimePodKyoto,Kyoto,2500,0.4,9.8,Superb,9.4,10.0,10.0,9.6,9.9,9.9,9.6,135.7702541,35.0090836
TocoTokyoHeritageHostel,Tokyo,3000,9.1,9.2,Superb,10.0,10.0,7.3,8.7,8.7,10.0,10.0,139.7839281,35.7220369
TokyoHostelEnishi,Tokyo,3300,4.7,8.6,Fabulous,7.5,9.0,9.0,8.5,9.0,9.0,8.5,139.6794363,35.6482038
TokyoHostelFuji,Tokyo,2000,1.6,9.2,Superb,8.8,9.3,9.0,9.0,9.4,9.8,9.2,139.674336,35.692835
TokyoHouseInn,Tokyo,3800,1.5,6.8,Good,6.0,6.7,6.7,8.0,6.0,7.3,6.7,139.7038187,35.6990062
TokyoHutte,Tokyo,3000,11.3,7.1,VeryGood,8.0,6.0,4.0,8.0,10.0,8.0,6.0,139.8150041,35.7088828
TokyoSumidagawaYouthHostel,Tokyo,2500,8.9,7.7,VeryGood,6.5,6.0,8.0,8.0,9.0,9.0,7.5,139.7892234,35.6991309
Tokyo-W-InnAsakusa,Tokyo,2500,9.3,8.9,Fabulous,8.2,9.2,8.9,8.9,8.8,9.4,9.2,139.7923088,35.7083161
TomatoKyotoStation,Kyoto,1500,3.1,8.3,Fabulous,8.3,8.3,8.0,7.3,8.3,9.3,8.7,135.751832,34.986881
TonagiHostel×Cafe,Fukuoka-City,2500,2.0,8.9,Fabulous,9.0,9.0,9.3,7.3,9.3,9.0,9.3,130.41452,33.604248
TrainHostelHokutosei,Tokyo,2100,8.3,8.7,Fabulous,7.4,9.3,9.0,8.7,8.8,9.2,8.8,139.7828434,35.694048
TurnTableHostel,Tokyo,5400,3.8,9.6,Superb,9.4,9.9,9.7,9.7,9.6,9.6,9.3,139.6929157,35.6553861
UmbrellaHouseOsaka,Osaka,2300,8.5,6.8,Good,6.0,8.0,6.6,5.4,7.4,7.4,6.9,135.546582,34.639764
UnoUeno,Tokyo,1500,8.2,8.8,Fabulous,7.8,9.3,8.5,8.9,9.2,9.3,8.6,139.7791708,35.7087463
UnplanKagurazaka,Tokyo,3200,4.0,9.5,Superb,9.2,9.9,9.6,8.8,9.6,9.8,9.6,139.7313228,35.7050654
VeryHostelmba,Osaka,2500,4.9,9.0,Superb,8.8,9.2,9.2,8.8,8.4,9.2,9.2,135.4888061,34.6636522
WebaseHakata,Fukuoka-City,3000,0.9,9.5,Superb,9.0,9.8,9.7,9.4,9.7,9.7,9.3,130.408271,33.595674
WiredHotelAsakusa,Tokyo,5200,9.7,9.5,Superb,8.9,10.0,9.9,9.1,9.7,9.6,9.5,139.793905,35.7158533
WiseOwlHostelsShibuya,Tokyo,2500,4.0,9.1,Superb,8.9,9.6,9.1,8.4,9.6,9.5,8.8,139.6897743,35.6537001
WiseOwlHostelsTokyo,Tokyo,2000,7.9,9.1,Superb,8.4,9.5,9.1,9.1,9.4,9.3,9.1,139.7772748,35.6747807
WithB,Tokyo,4000,8.6,9.1,Superb,8.5,9.5,9.0,8.0,9.0,9.5,10.0,139.74314648,35.69964548
YadoyaGuesthouseGreen,Tokyo,2300,2.6,8.2,Fabulous,7.9,7.7,6.9,8.9,8.9,8.8,8.3,139.6681253,35.7029083
YadoyaGuesthouseOrange,Tokyo,2000,2.9,8.9,Fabulous,8.6,9.0,7.8,9.4,9.0,9.2,9.4,139.6676947,35.7065126
Yawp!Backpackers,Tokyo,2500,17.5,9.3,Superb,9.5,9.3,9.4,8.5,9.5,9.2,9.6,139.8691966,35.7528846
YouEnMeHouse,Kyoto,2800,2.4,8.0,Fabulous,7.3,8.0,6.7,8.0,8.7,10.0,7.3,135.749063,34.997376
ZabuttonHostel,Tokyo,2900,5.9,8.6,Fabulous,8.1,8.5,7.8,9.0,8.9,9.5,8.5,139.742116,35.65547
